playerId,average_speed
P02,87.42753127955521
P01,32.54749137875582
P03,32.285174188846845
